YCHERN|Password|CHERN|YCHERN@NTU.EDU.SG|STUDENT|
KOH1|Password|KOH|KOH1@NTU.EDU.SG|STUDENT|
BR015|Password|BRANDON|BR015@NTU.EDU.SG|STUDENT|
CT113|Password|CALVIN|CT113@NTU.EDU.SG|STUDENT|
YCN019|Password|CHAN|YCN019@NTU.EDU.SG|STUDENT|
DL007|Password|DENISE|DL007@NTU.EDU.SG|STUDENT|
DON84|Password|DONG|DON84@NTU.EDU.SG|STUDENT|
ELI34|Password|ERNEST|ELI34@NTU.EDU.SG|STUDENT|
LE51|Password|LEE|LE51@NTU.EDU.SG|STUDENT|
SL22|Password|LIU|SL22@NTU.EDU.SG|STUDENT|
AKY013|Password|RAWAL|AKY013@NTU.EDU.SG|STUDENT|
ASMADHUKUMAR|Password|A S Madhukumar|ASMADHUKUMAR@NTU.EDU.SG|SUPERVISOR|
ASSOURIN|Password|Alexei Sourin|ASSOURIN@ntu.edu.sg|SUPERVISOR|
ANUPAM|Password|Anupam Chattopadhyay|ANUPAM@NTU.EDU.SG|SUPERVISOR|
ANWITAMAN|Password|Anwitaman Datta|ANWITAMAN@NTU.EDU.SG|SUPERVISOR|
ARVINDE|Password|Arvind Easwaran|ARVINDE@NTU.EDU.SG|SUPERVISOR|
BOAN|Password|Bo An|BOAN@NTU.EDU.SG|SUPERVISOR|
ASWTCAI|Password|Cai Wentong|ASWTCAI@ntu.edu.sg|SUPERVISOR|
ASTJCHAM|Password|Cham Tat Jen|ASTJCHAM@NTU.EDU.SG|SUPERVISOR|
ASSCHAN|Password|Chan Syin|ASSCHAN@NTU.EDU.SG|SUPERVISOR|
CCLOY|Password|Chen Change Loy|CCLOY@NTU.EDU.SG|SUPERVISOR|
ASLTCHIA|Password|Chia Liang Tien|ASLTCHIA@ntu.edu.sg|SUPERVISOR|
ASESCHNG|Password|Chng Eng Siong|ASESCHNG@NTU.EDU.SG|SUPERVISOR|
GAOCONG|Password|Cong Gao|GAOCONG@NTU.EDU.SG|SUPERVISOR|
ASDRAJAN|Password|Deepu Rajan|ASDRAJAN@NTU.EDU.SG|SUPERVISOR|
ASDOUGLAS|Password|Douglas Leslie Maskell|ASDOUGLAS@NTU.EDU.SG|SUPERVISOR|
DNIYATO|Password|Dusit Niyato|DNIYATO@NTU.EDU.SG|SUPERVISOR|
CAMBRIA|Password|Erik Cambria|CAMBRIA@NTU.EDU.SG|SUPERVISOR|
XYFAN|Password|Fan Xiuyi|xyfan@ntu.edu.sg|SUPERVISOR|
ASWBGOH|Password|Goh Wooi Boon|ASWBGOH@ntu.edu.sg|SUPERVISOR|
CTGUAN|Password|Guan Cuntai|CTGUAN@NTU.EDU.SG|SUPERVISOR|
YHE|Password|He Ying|YHE@NTU.EDU.SG|SUPERVISOR|
ASSYHUANG|Password|Huang Shell Ying|ASSYHUANG@ntu.edu.sg|SUPERVISOR|
ASSCHUI|Password|Hui Siu Cheung|ASSCHUI@ntu.edu.sg|SUPERVISOR|
SRJOTY|Password|Joty Shafiq Rayhan|SRJOTY@NTU.EDU.SG|SUPERVISOR|
YPKE|Password|Ke Yiping, Kelly|YPKE@NTU.EDU.SG|SUPERVISOR|
ADAMSKONG|Password|Kong Wai-Kin Adams|ADAMSKONG@NTU.EDU.SG|SUPERVISOR|
ASCKKWOH|Password|Kwoh Chee Keong|ASCKKWOH@ntu.edu.sg|SUPERVISOR|
ASSKLAM|Password|Lam Siew Kei|ASSKLAM@NTU.EDU.SG|SUPERVISOR|
ASCTLAU|Password|Lau Chiew Tong|ASCTLAU@NTU.EDU.SG|SUPERVISOR|
EBSLEE|Password|Lee Bu Sung|EBSLEE@ntu.edu.sg|SUPERVISOR|
BOYANG.LI|Password|Li Boyang|boyang.li@ntu.edu.sg|SUPERVISOR|
ASFLI|Password|Li Fang|ASFLI@NTU.EDU.SG|FYPCOORDINATOR|
LIMO|Password|Li Mo|LIMO@NTU.EDU.SG|SUPERVISOR|
YI_LI|Password|Li Yi|YI_LI@NTU.EDU.SG|SUPERVISOR|
GSLIN|Password|Lin Guosheng|gslin@ntu.edu.sg|SUPERVISOR|
SHANG-WEI.LIN|Password|Lin Shang-Wei|SHANG-WEI.LIN@NTU.EDU.SG|SUPERVISOR|
WSLIN|Password|Lin Weisi|WSLIN@NTU.EDU.SG|SUPERVISOR|
LIU|Password|Liu Weichen|LIU@NTU.EDU.SG|SUPERVISOR|
YANGLIU|Password|Liu Yang|YANGLIU@NTU.EDU.SG|SUPERVISOR|
ZIWEI.LIU|Password|Liu Ziwei|ziwei.liu@ntu.edu.sg|SUPERVISOR|
ANHTUAN.LUU|Password|Luu Anh Tuan|anhtuan.luu@ntu.edu.sg|SUPERVISOR|
YRLOKE|Password|Loke Yuan Ren|YRLOKE@NTU.EDU.SG|SUPERVISOR|
C.LONG|Password|Long Cheng|C.LONG@NTU.EDU.SG|SUPERVISOR|
SHIJIAN.LU|Password|Lu Shijian|SHIJIAN.LU@NTU.EDU.SG|SUPERVISOR|
JUNLUO|Password|Luo Jun|JUNLUO@NTU.EDU.SG|SUPERVISOR|
SIQIANG.LUO|Password|Luo Siqiang|siqiang.luo@ntu.edu.sg|SUPERVISOR|
MSABRY|Password|Mohamed M. Sabry|MSABRY@NTU.EDU.SG|SUPERVISOR|
AWKNG|Password|Ng Wee Keong|AWKNG@ntu.edu.sg|SUPERVISOR|
HLOH|Password|Oh Hong Lye|HLOH@NTU.EDU.SG|SUPERVISOR|
ASYSOng|Password|Ong Yew Soon|ASYSOng@ntu.edu.sg|SUPERVISOR|
OFERNANDO|Password|Owen Noel Newton Fernando|OFERNANDO@NTU.EDU.SG|SUPERVISOR|
SINNOPAN|Password|Pan, Sinno Jialin|SINNOPAN@NTU.EDU.SG|SUPERVISOR|
MKMQIAN|Password|Qian Kemao|MKMQIAN@NTU.EDU.SG|SUPERVISOR|
ASHCQUEK|Password|Quek Hiok Chai|ASHCQUEK@ntu.edu.sg|SUPERVISOR|
ASJAGATH|Password|Rajapakse Jagath Chandana|ASJAGATH@NTU.EDU.SG|SUPERVISOR|
ASHSSEAH|Password|Seah Hock Soon|ASHSSEAH@ntu.edu.sg|SUPERVISOR|
ZQSHEN|Password|Shen Zhiqi|ZQSHEN@NTU.EDU.SG|SUPERVISOR|
SMITHA|Password|Smitha K G|SMITHA@NTU.EDU.SG|SUPERVISOR|
ASSOURAV|Password|Sourav Saha Bhowmick|ASSOURAV@NTU.EDU.SG|SUPERVISOR|
AXSUN|Password|Sun Aixin|AXSUN@NTU.EDU.SG|SUPERVISOR|
CHEEWEI.TAN|Password|Tan Chee Wei|cheewei.tan@ntu.edu.sg|SUPERVISOR|
TANRUI|Password|Tan Rui|TANRUI@NTU.EDU.SG|SUPERVISOR|
ASXYTANG|Password|Tang Xueyan|ASXYTANG@NTU.EDU.SG|SUPERVISOR|
KIANBOON.TAY|Password|Tay Kian Boon|kianboon.tay@ntu.edu.sg|SUPERVISOR|
ASTSRIKAN|Password|Thambipillai Srikanthan|ASTSRIKAN@ntu.edu.sg|SUPERVISOR|
VIDYA.SUDARSHAN|Password|Vidya Sudarshan|vidya.sudarshan@ntu.edu.sg|SUPERVISOR|
ASCHVUN|Password|Vun Chan Hua, Nicholas|ASCHVUN@ntu.edu.sg|SUPERVISOR|
YGWEN|Password|Wen Yonggang|YGWEN@ntu.edu.sg|SUPERVISOR|
ASCKYEO|Password|Yeo Chai Kiat|ASCKYEO@ntu.edu.sg|SUPERVISOR|
HAN.YU|Password|Yu Han|HAN.YU@NTU.EDU.SG|SUPERVISOR|
HANWANGZHANG|Password|Zhang Hanwang|HANWANGZHANG@NTU.EDU.SG|SUPERVISOR|
ZHANGJ|Password|Zhang Jie|ZHANGJ@NTU.EDU.SG|SUPERVISOR|
TIANWEI.ZHANG|Password|Zhang Tianwei|tianwei.zhang@ntu.edu.sg|SUPERVISOR|
JUNZHAO|Password|Zhao Jun|JUNZHAO@NTU.EDU.SG|SUPERVISOR|
ASJMZHENG|Password|Zheng Jianmin|ASJMZHENG@NTU.EDU.SG|SUPERVISOR|
